team_id,team_name,league_id,rival_team_id,attack,midfield,defence,transfer_budget,country_id
1,FC Barcelona,1,2,87,86,85,188.000.000,1
2,Real Madrid,1,1,83,88,86,188.500.000,1
3,Juventus,2,13,89,84,85,90.000.000,2
4,Manchester City,3,12,86,88,83,170.000.000,3
5,FC Bayern,4,15,85,85,85,100.000.000,4
6,PSG,5,35,88,84,80,191.000.000,5
7,Atlético Madrid,1,2,85,83,84,68.500.000,1
8,Tottenham,3,14,86,82,83,85.000.000,3
9,Liverpool,3,12,86,82,82,90.000.000,3
10,Chelsea,3,14,85,83,82,95.000.000,3
11,Nápoles,2,3,84,83,81,40.000.000,2
12,Manchester Utd,3,9,83,83,80,175.000.000,3
13,Inter de Milán,2,21,83,82,81,39.000.000,2
14,Arsenal,3,8,82,83,80,92.500.000,3
15,Bor. Dortmund,4,41,80,82,80,60.000.000,4
16,Lazio,2,17,82,81,79,17.500.000,2
17,Roma,2,16,82,79,81,40.000.000,2
18,Sevilla FC,1,24,81,80,79,34.500.000,1
19,Bayer 04,4,68,81,80,79,39.000.000,4
20,Valencia CF,1,32,80,81,79,66.500.000,1
21,Milan,2,13,80,80,80,52.000.000,2
22,FC Porto,6,31,79,81,83,19.000.000,6
23,Ajax,7,79,79,81,79,26.500.000,7
24,Real Betis,1,18,78,79,81,16.000.000,1
25,AS Monaco,5,93,82,78,77,50.000.000,Monaco
26,RB Leipzig,4,15,80,80,78,50.000.000,4
27,Olympique Lyon,5,71,80,80,78,36.500.000,5
28,Athletic Club,1,36,80,79,78,18.500.000,1
29,M'gladbach,4,68,80,78,78,25.000.000,4
30,West Ham Utd,3,313,80,78,77,74.000.000,3
31,SL Benfica,6,22,79,79,79,16.000.000,6
32,Villarreal CF,1,20,78,79,77,33.000.000,1
33,Everton,3,9,77,80,79,75.000.000,3
34,Eint. Frankfurt,4,90,80,78,77,14.500.000,4
35,O. Marsella,5,6,79,80,76,21.000.000,5
36,Real Sociedad,1,28,79,77,76,15.500.000,1
37,Sporting CP,6,31,78,78,78,18.500.000,6
38,TSG Hoffenheim,4,75,77,79,79,28.000.000,4
39,Leicester City,3,157,77,78,78,55.000.000,3
40,VfL Wolfsburgo,4,111,77,78,77,40.000.000,4
41,FC Schalke 04,4,15,76,77,78,42.000.000,4
42,Atalanta,2,239,82,77,75,8.000.000,2
43,Torino,2,3,81,76,77,12.000.000,2
44,PSV,7,23,81,75,76,19.000.000,7
45,RC Celta,1,122,80,77,75,12.000.000,1
46,Beşiktaş,8,73,79,77,77,22.500.000,8
47,Crystal Palace,3,69,79,77,76,50.000.000,3
48,SD Eibar,1,36,79,77,76,5.500.000,1
49,Bournemouth,3,76,79,76,77,47.000.000,3
50,Girona FC,1,380,79,76,75,3.900.000,1
51,Getafe CF,1,91,79,75,78,5.500.000,1
52,Watford,3,250,78,78,77,48.000.000,3
53,Buenos Aires,9,64,78,77,75,15.000.000,9
54,Lokomotiv Moscú,10,86,77,77,77,15.500.000,10
55,RCD Espanyol,1,1,77,77,75,10.500.000,1
56,Hertha BSC,4,41,77,76,77,12.000.000,4
57,Burnley,3,354,77,75,77,45.000.000,3
58,Newcastle Utd,3,347,76,77,76,40.000.000,3
59,Wolves,3,127,75,80,76,60.000.000,3
60,Werder Bremen,4,166,75,79,76,12.000.000,4
61,Sampdoria,2,103,79,77,75,14.000.000,2
62,Racing Club,9,94,79,76,76,9.500.000,9
63,Fiorentina,2,3,78,76,76,19.500.000,2
64,River Plate,9,53,77,77,75,14.000.000,9
65,Medipol Başakşehir,8,203,77,77,74,6.000.000,8
66,SC Braga,6,117,77,76,77,8.500.000,6
67,Levante UD,1,20,77,76,75,8.000.000,1
68,1. FC Colonia,11,29,77,75,75,12.500.000,4
69,Brighton,3,47,76,77,76,36.500.000,3
70,D. Alavés,1,28,76,77,76,4.400.000,1
71,AS Saint-Étienne,5,27,76,77,75,9.500.000,5
72,Galatasaray,8,73,76,77,74,25.500.000,8
73,Fenerbahçe,8,72,76,75,76,32.000.000,8
74,LOSC Lille,5,382,75,75,75,10.500.000,5
75,VfB Stuttgart,4,105,74,76,74,20.000.000,4
76,Southampton,3,468,73,77,74,50.000.000,3
77,Fulham,3,314,78,76,73,45.000.000,3
78,Tigres,12,81,78,75,72,27.000.000,11
79,Feyenoord,7,23,77,76,73,14.000.000,7
80,Stade Rennais,5,96,77,75,75,8.500.000,5
81,Monterrey,12,78,77,74,74,19.500.000,11
82,Bolonia,2,126,76,76,73,12.500.000,2
83,Udinese,2,17,76,75,75,7.000.000,2
84,Club Brujas,13,125,76,75,74,13.500.000,12
85,Cagliari,2,11,76,75,73,6.000.000,2
86,Spartak Moscú,10,114,76,74,72,27.500.000,10
87,Sassuolo,2,82,76,73,74,13.000.000,2
88,Shakhtar Donetsk,10,98,75,76,75,18.500.000,10
89,Montpellier HSC,5,138,75,74,75,7.000.000,5
90,1. FSV Mainz 05,4,34,74,75,74,9.000.000,4
91,CD Leganés,1,51,74,74,74,4.200.000,1
92,Grêmio,14,110,74,73,74,8.500.000,13
93,OGC Niza,5,25,73,75,75,8.500.000,5
94,Independiente,9,62,73,75,74,10.000.000,9
95,Olympiacos CFP,10,192,73,75,73,15.000.000,10
96,FC Nantes,5,80,73,74,75,7.000.000,5
97,PAOK,10,95,71,76,75,5.500.000,10
98,Dynamo Kyiv,10,88,66,76,72,15.500.000,10
99,Al Hilal,15,187,80,73,70,7.500.000,14
100,Rayo Vallecano,1,91,78,75,73,3.300.000,1
101,Atlético Mineiro,14,136,76,75,74,13.500.000,13
102,KRC Genk,13,139,76,74,74,8.500.000,12
103,Genoa,2,61,75,74,75,8.500.000,2
104,SPAL,2,82,75,74,73,4.500.000,2
105,SC Friburgo,4,75,75,74,72,10.500.000,4
106,Giron. Burdeos,5,35,75,73,74,11.000.000,5
107,América,12,186,74,75,72,25.000.000,11
108,RB Salzburgo,16,324,74,74,73,14.000.000,15
109,R. Valladolid CF,1,293,74,73,72,3.100.000,1
110,Internacional,14,92,73,74,74,9.000.000,13
111,Hannover 96,4,40,73,74,74,10.000.000,4
112,RC Estrasburgo,5,431,73,74,74,5.500.000,5
113,Celtic,17,128,73,74,73,12.500.000,16
114,CSKA Moscú,10,86,73,74,72,15.000.000,10
115,Stade de Reims,5,363,73,73,75,5.000.000,5
116,Huddersfield,3,137,72,74,75,37.500.000,3
117,Vit. Guimarães,6,66,72,74,74,4.100.000,6
118,Angers SCO,5,96,72,74,74,4.700.000,5
119,FC Augsburgo,4,90,71,75,75,9.500.000,4
120,Toulouse FC,5,106,75,71,73,7.000.000,5
121,EA Guingamp,5,295,74,74,72,5.000.000,5
122,RC Deportivo,18,45,74,74,71,9.500.000,1
123,AEK Athens,10,192,74,73,73,3.200.000,10
124,SD Huesca,1,274,74,73,72,2.100.000,1
125,RSC Anderlecht,13,139,74,73,71,16.000.000,12
126,Parma,2,82,74,73,71,4.000.000,2
127,West Bromwich,19,59,74,72,74,20.500.000,3
128,Rangers,17,113,74,72,71,5.500.000,16
129,FC Basilea,20,182,74,71,75,9.500.000,17
130,Chievo Verona,2,211,74,71,72,4.600.000,2
131,AZ,7,23,73,74,72,9.000.000,7
132,Slavia Praha,10,227,73,73,74,5.500.000,10
133,Amiens SC,5,74,73,73,73,3.900.000,5
134,Cardiff City,3,194,73,73,72,35.000.000,3
135,Cruz Azul,12,212,73,73,72,13.000.000,11
136,Cruzeiro,14,101,73,72,75,12.000.000,13
137,Leeds Utd,19,116,73,72,73,10.500.000,3
138,Nîmes Olympique,5,89,72,75,72,4.100.000,5
139,Standard Lieja,13,125,72,74,72,8.500.000,12
140,F. Düsseldorf,4,68,72,73,73,7.500.000,4
141,Málaga CF,18,18,72,72,72,10.500.000,1
142,Fluminense,14,155,71,74,72,9.500.000,13
143,Atlanta United,21,242,82,72,69,5.000.000,18
144,Toluca,12,212,77,72,71,7.500.000,11
145,Norwich City,19,393,76,72,71,8.500.000,3
146,Junior,22,524,75,72,69,5.000.000,19
147,CD Viñazur,23,262,75,71,71,7.000.000,20
148,Empoli,2,63,74,72,72,5.000.000,2
149,UD Las Palmas,18,268,74,70,72,8.500.000,1
150,Aston Villa,19,127,73,73,70,5.000.000,3
151,1. FC Núremberg,4,383,73,72,72,5.500.000,4
152,Dijon FCO,5,360,73,72,71,4.100.000,5
153,Pachuca,12,186,73,72,71,14.000.000,11
154,Santos Laguna,12,81,73,72,71,11.500.000,11
155,Botafogo,14,142,73,72,71,4.800.000,13
156,Viktoria Plzeň,10,227,73,71,71,6.500.000,10
157,Notting. Forest,19,204,73,71,71,21.000.000,3
158,Uni. Católica,23,262,73,71,70,8.000.000,20
159,Frosinone,2,252,73,70,72,7.000.000,2
160,Dinamo Zagreb,10,98,72,73,72,9.500.000,10
161,Stoke City,19,618,72,73,71,34.000.000,3
162,Al Nassr,15,99,72,73,70,8.500.000,14
163,Sheffield Utd,19,219,72,72,72,4.400.000,3
164,San Lorenzo,9,188,72,72,72,8.500.000,9
165,Vitesse,7,469,72,72,70,13.000.000,7
166,Hamburgo SV,11,238,72,71,73,18.000.000,4
167,R. Sporting,18,205,72,71,72,4.800.000,1
168,Colón,9,322,72,71,71,4.000.000,9
169,Moreirense FC,6,307,71,74,72,825.000,6
170,KAA Gent,13,84,71,73,72,12.500.000,12
171,FC Utrecht,7,23,71,72,72,12.000.000,7
172,Royal Amberes FC,13,84,71,72,72,3.100.000,12
173,Göztepe,8,267,71,72,70,3.100.000,8
174,Defensa,9,395,70,73,72,3.200.000,9
175,Middlesbrough,19,58,70,72,72,21.000.000,3
176,SM Caen,5,418,70,71,73,5.500.000,5
177,León,12,186,68,72,72,10.500.000,11
178,LA Galaxy,21,207,85,71,70,5.000.000,18
179,D.C. United,21,195,80,71,68,5.000.000,18
180,Al Ahli,15,187,78,71,68,8.000.000,14
181,Lanús,9,333,75,70,71,7.500.000,9
182,BSC Young Boys,20,129,75,69,71,4.500.000,17
183,Alanyaspor,8,193,74,73,70,2.100.000,8
184,Trabzonspor,8,73,74,73,70,15.500.000,8
185,Vélez Sarsfield,9,246,74,72,69,5.500.000,9
186,Guadalajara,12,212,74,71,68,19.000.000,11
187,Al Ittihad,15,99,73,73,67,8.500.000,14
188,Huracán,9,164,73,72,70,4.800.000,9
189,Rosario Central,9,332,73,72,70,6.000.000,9
190,Santos,14,155,73,71,71,6.500.000,13
191,Çaykur Rizespor,8,184,73,71,70,2.500.000,8
192,Panathinaikos,10,95,73,71,70,3.600.000,10
193,Bursaspor,8,46,73,71,69,7.000.000,8
194,Swansea City,19,134,73,70,71,15.000.000,3
195,NY Red Bulls,21,242,73,70,71,5.000.000,18
196,Cádiz CF,18,141,73,70,69,2.000.000,1
197,Seattle Sounders,21,237,72,73,69,5.000.000,18
198,Vitória,14,223,72,72,72,1.400.000,13
199,Tijuana,12,177,72,72,70,9.000.000,11
200,Sporting KC,21,288,72,72,70,5.000.000,18
201,CA Osasuna,18,70,72,72,70,4.300.000,1
202,Guangzhou,24,334,72,72,69,54.500.000,21
203,Kasimpaşa,8,65,72,71,71,5.000.000,8
204,Derby County,19,157,72,71,71,14.000.000,3
205,R. Oviedo,18,167,72,71,70,2.000.000,1
206,Sivasspor,8,184,72,71,70,2.700.000,8
207,LAFC,21,178,72,71,69,5.000.000,18
208,Kayserispor,8,193,72,70,71,2.500.000,8
209,FC Metz,25,431,72,70,71,4.600.000,5
210,Sp. Charleroi,13,139,72,69,71,1.900.000,12
211,Hellas Verona,26,130,72,69,70,9.500.000,2
212,América,14,101,71,72,71,750.000,13
213,Rio Ave FC,6,66,71,72,71,1.100.000,6
214,Granada CF,18,141,71,72,70,5.500.000,1
215,Palermo,26,3,71,71,72,6.000.000,2
216,Benevento,26,290,71,71,71,9.500.000,2
217,Union Berlin,11,56,71,71,71,3.500.000,4
218,Konyaspor,8,203,71,71,70,5.000.000,8
219,Sheffield Wed.,19,163,71,71,69,8.000.000,3
220,Os Belenenses,6,302,70,72,72,875.000,6
221,Boavista FC,6,117,70,72,71,825.000,6
222,Columbus Crew,21,228,70,72,69,5.000.000,18
223,Bahía,14,198,70,71,71,1.900.000,13
224,Albacete BP,18,67,70,71,70,1.500.000,1
225,FC København,27,368,69,74,71,4.600.000,22
226,Chapecoense,14,92,69,71,71,925.000,13
227,Sparta Praha,10,88,68,72,71,6.500.000,10
228,Chicago Fire,21,222,75,70,70,5.000.000,18
229,U.N.A.M.,12,212,74,69,69,11.500.000,11
230,Bochum,11,140,74,69,68,3.300.000,4
231,Minnesota United,21,228,73,71,68,5.000.000,18
232,Brentford,19,314,73,69,69,7.000.000,3
233,Puebla,12,338,73,69,67,3.900.000,11
234,Montreal Impact,21,264,72,72,69,5.000.000,Canada
235,Bristol City,19,572,72,71,70,8.500.000,3
236,Birmingham City,19,150,72,70,70,3.500.000,3
237,Portland Timbers,21,197,72,70,69,5.000.000,18
238,FC St. Pauli,11,166,72,70,68,2.900.000,4
239,Brescia,26,42,72,69,69,7.500.000,2
240,Kawasaki Front.,28,406,72,69,68,5.000.000,23
241,Portimonense SC,6,320,71,73,67,950.000,6
242,New York City FC,21,195,71,72,69,5.000.000,18
243,Yeni Malatyaspor,8,208,71,71,69,2.700.000,8
244,Preston,19,568,71,71,69,3.000.000,3
245,Malmö FF,29,540,71,71,69,4.200.000,24
246,Tigre,9,185,71,71,68,3.500.000,9
247,Talleres,9,389,71,71,67,5.000.000,9
248,Zulte-Waregem,13,319,71,71,67,3.000.000,12
249,CD Lugo,18,122,71,70,69,1.600.000,1
250,Reading,19,610,71,69,70,5.500.000,3
251,Sint-Truiden,13,102,71,69,70,1.800.000,12
252,Perugia,26,290,71,69,68,5.000.000,2
253,Querétaro,12,177,71,66,68,4.900.000,11
254,Sport Recife,14,223,70,71,71,2.500.000,13
255,Rosenborg BK,30,299,70,71,70,2.300.000,25
256,FC Midtjylland,27,225,70,70,71,2.900.000,22
257,GD Chaves,6,386,70,70,70,1.000.000,6
258,Atl. Nacional,22,282,70,70,69,9.000.000,19
259,Hull City,19,137,70,70,68,7.000.000,3
260,Ind. Santa Fe,22,317,70,70,67,7.000.000,19
261,Estudiantes,9,309,70,69,71,5.000.000,9
262,Uni. de Chile,23,147,70,68,71,10.000.000,20
263,Philadelphia U.,21,195,69,74,68,5.000.000,18
264,Toronto FC,21,234,69,72,70,5.000.000,Canada
265,Santa Clara,6,306,69,71,71,825.000,6
266,Atlético Tucumán,9,437,69,71,70,2.000.000,9
267,Akhisarspor,8,203,69,71,69,2.800.000,8
268,CD Tenerife,18,149,69,71,69,2.000.000,1
269,FC Ingolstadt,11,119,69,71,68,4.500.000,4
270,Atl. Paranaense,14,276,69,70,70,2.100.000,13
271,SV Darmstadt,11,34,69,70,68,3.300.000,4
272,MKE Ankaragücü,8,46,69,69,71,2.800.000,8
273,AD Alcorcón,18,100,69,69,71,1.600.000,1
274,R. Zaragoza,18,124,69,69,69,2.700.000,1
275,Marítimo,6,306,69,68,70,1.500.000,6
276,Paraná,14,270,68,71,70,825.000,13
277,Atlas,12,186,64,71,68,6.500.000,11
278,Shanghai SIPG,24,461,75,69,65,24.000.000,21
279,Beijing Guoan,24,461,74,74,66,62.000.000,21
280,Legia Warszawa,31,353,74,70,68,7.500.000,26
281,Colorado Rapids,21,292,74,69,67,5.000.000,18
282,Indep. Medellín,22,258,73,65,69,5.000.000,19
283,Vissel Kobe,28,340,72,74,66,6.500.000,23
284,Al Shabab,15,162,72,71,66,3.000.000,14
285,AIK,29,480,71,72,67,2.500.000,24
286,Argentinos Jrs.,9,185,71,70,68,2.800.000,9
287,Antalyaspor,8,193,71,69,69,6.500.000,8
288,Houston Dynamo,21,323,71,69,68,5.000.000,18
289,Cosenza,26,348,71,69,67,3.600.000,2
290,Salerno,26,216,71,69,67,7.000.000,2
291,Urawa Red Diam.,28,340,71,68,68,8.000.000,23
292,Real Salt Lake,21,281,70,72,67,5.000.000,18
293,CD Numancia,18,109,70,70,69,2.000.000,1
294,Arminia Bielefeld,11,310,70,70,68,2.300.000,4
295,Stade Brestois,25,121,70,69,70,3.200.000,5
296,Whitecaps FC,21,197,70,69,68,5.000.000,Canada
297,ADO Den Haag,7,23,70,68,69,5.500.000,7
298,Jeonbuk Hyundai,32,481,70,68,68,7.000.000,27
299,Molde FK,30,255,70,68,68,1.500.000,25
300,Godoy Cruz,9,437,70,67,68,5.000.000,9
301,Kaizer Chiefs,10,373,70,67,66,2.200.000,10
302,Vitoria Setúbal,6,220,69,70,70,900.000,6
303,1. FC Heidenheim,11,330,69,70,68,2.000.000,4
304,New England,21,195,69,70,68,5.000.000,18
305,sc Heerenveen,7,318,69,70,66,7.500.000,7
306,Funchal,6,275,69,69,70,2.100.000,6
307,Desportivo Aves,6,169,69,69,70,850.000,6
308,SJ Earthquakes,21,178,69,69,69,5.000.000,18
309,Gimnasia,9,261,69,69,69,3.200.000,9
310,Paderborn,11,294,69,69,69,650.000,4
311,Wigan Athletic,19,394,69,69,69,4.300.000,3
312,Monarcas Morelia,12,186,69,69,69,4.900.000,11
313,Millwall,19,30,69,69,69,2.800.000,3
314,QPR,19,77,69,69,69,3.800.000,3
315,Deportes Tolima,22,607,69,69,68,3.000.000,19
316,Crotone,26,216,69,69,68,5.500.000,2
317,Millonarios,22,260,69,69,68,7.000.000,19
318,FC Groningen,7,305,69,69,68,6.000.000,7
319,KV Cortrique,13,248,69,69,67,2.000.000,12
320,CD Tondela,6,257,69,68,69,825.000,6
321,Aldosivi,9,246,69,67,68,500.000,9
322,Unión,9,168,68,70,70,3.000.000,9
323,FC Dallas,21,288,68,69,69,5.000.000,18
324,SK Rapid Viena,16,387,68,69,69,5.000.000,15
325,Duisburg,11,140,68,69,68,800.000,4
326,Cremona,26,239,68,68,70,3.900.000,2
327,Deportivo Cali,22,453,68,68,69,7.000.000,19
328,Kiel,11,238,67,70,69,1.700.000,4
329,Pescara,26,16,67,70,69,6.000.000,2
330,Sandhausen,11,479,67,69,70,1.500.000,4
331,KV Oostende,13,84,67,69,69,2.800.000,12
332,Newell's,9,189,67,69,67,4.000.000,9
333,Banfield,9,181,65,69,68,4.100.000,9
334,Shandong Luneng,24,202,76,66,67,14.500.000,21
335,Sagan Tosu,28,350,74,66,64,3.800.000,23
336,Dalian Yifang,24,561,71,70,63,22.500.000,21
337,Willem II,7,424,71,68,67,4.500.000,7
338,Veracruz,12,233,71,67,65,2.800.000,11
339,Suwon Samsung,32,450,71,67,64,5.000.000,27
340,Gamba Osaka,28,291,71,66,67,5.000.000,23
341,RCD Mallorca,18,32,70,70,67,2.300.000,1
342,UD Almería,18,141,70,69,67,3.500.000,1
343,Heracles Almelo,7,345,70,69,66,4.100.000,7
344,BB Erzurumspor,8,191,70,69,66,1.700.000,8
345,PEC Zwolle,7,343,70,68,67,5.500.000,7
346,Ascoli,26,329,70,68,67,3.900.000,2
347,Sunderland,33,58,70,68,67,15.000.000,3
348,Lecce,26,361,70,67,69,7.500.000,2
349,Excel Mouscron,13,319,70,67,66,1.900.000,12
350,Kashima Antlers,28,466,70,67,66,5.500.000,23
351,Orlando City,21,242,69,71,65,5.000.000,18
352,Ulsan Hyundai,32,489,69,69,67,4.200.000,27
353,Lech Poznań,31,280,69,69,67,5.500.000,26
354,Blackburn,19,57,69,68,69,3.900.000,3
355,Extremadura UD,18,379,69,68,68,1.300.000,1
356,LASK Linz,16,108,69,68,68,3.200.000,15
357,FC Lorient,25,80,69,68,68,5.500.000,5
358,Lechia Gdańsk,31,435,69,68,67,4.800.000,26
359,Círculo Brujas,13,84,69,68,67,3.900.000,12
360,AJ Auxerre,25,152,69,68,67,4.700.000,5
361,Foggia,26,290,69,68,66,3.400.000,2
362,SSV Jahn,11,269,69,67,68,1.000.000,4
363,ES Troyes AC,25,115,69,67,68,5.500.000,5
364,Lobos,12,233,69,67,66,1.500.000,11
365,Sanf. Hiroshima,28,291,69,67,64,5.500.000,23
366,Rionegro Águilas,22,592,69,66,69,2.000.000,19
367,Al Wehda,15,187,68,71,66,2.300.000,14
368,Brøndby IF,27,225,68,70,67,2.800.000,22
369,París FC,25,6,68,69,68,3.700.000,5
370,Uni. Concepción,23,513,68,69,67,3.300.000,20
371,KAS Eupen,13,139,68,69,67,2.600.000,12
372,Kilmarnock,17,627,68,69,67,850.000,16
373,Orlando Pirates,10,301,68,69,66,2.500.000,10
374,Fortuna Sittard,7,427,68,69,65,3.100.000,7
375,Dynamo Dresden,11,391,68,68,69,2.000.000,4
376,Sport. Lokeren,13,420,68,68,68,2.400.000,12
377,Elche CF,18,67,68,68,68,1.700.000,1
378,Guangzhou R&F,24,202,68,68,67,10.000.000,21
379,CF Rayo,18,273,68,68,67,1.300.000,1
380,Nàstic,18,633,68,67,69,1.800.000,1
381,Padova,26,211,68,67,68,7.000.000,2
382,RC Lens,25,74,68,67,68,8.500.000,5
383,Fürth,11,151,68,66,69,1.900.000,4
384,Cittadella,26,211,67,69,68,2.700.000,2
385,Necaxa,12,212,67,69,68,5.500.000,11
386,CD Feirense,6,257,67,69,68,800.000,6
387,Austria Viena,16,324,67,69,68,4.700.000,15
388,Aberdeen,17,128,67,69,68,2.500.000,16
389,Belgrano,9,247,67,69,66,4.200.000,9
390,La Spezia,26,103,67,68,67,5.500.000,2
391,Erzgebirge Aue,11,375,67,68,67,1.600.000,4
392,Magdeburg,11,544,67,67,68,800.000,4
393,Ipswich Town,19,145,67,66,68,3.000.000,3
394,Bolton,19,311,65,68,68,2.300.000,3
395,Patronato,9,322,65,68,67,1.700.000,9
396,FC Sion,20,129,65,68,65,6.000.000,17
397,Ceará SC,14,223,64,69,69,725.000,13
398,Once Caldas,22,474,62,68,69,3.300.000,19
399,Jiangsu Suning,24,461,79,65,67,31.000.000,21
400,Jagiellonia,31,280,71,68,65,3.700.000,26
401,Hebei CFFC,24,491,71,66,64,22.500.000,21
402,La Equidad,22,550,70,68,65,2.000.000,19
403,Hearts,17,408,70,67,67,1.600.000,16
404,Hammarby,29,480,70,67,65,1.800.000,24
405,Perth Glory,34,494,70,66,66,2.000.000,28
406,FC Tokyo,28,240,69,67,67,6.500.000,23
407,AC Ajaccio,25,35,69,67,67,2.600.000,5
408,Hibernian,17,403,69,67,65,1.200.000,16
409,Unión La Calera,23,641,69,65,66,1.500.000,20
410,Everton de Viña,23,641,69,63,65,2.000.000,20
411,Sydney FC,34,492,68,70,66,2.000.000,28
412,Melb. Victory,34,411,68,70,65,2.000.000,28
413,Venezia,26,211,68,68,68,8.000.000,2
414,Valenciennes FC,25,74,68,68,67,3.300.000,5
415,IFK Norrköping,29,566,68,68,66,950.000,24
416,Clermont Foot,25,71,68,68,65,2.700.000,5
417,Luton Town,33,52,68,67,68,900.000,3
418,Le Havre AC,25,176,68,67,68,4.200.000,5
419,CD Antofagasta,23,515,68,67,66,2.300.000,20
420,Waasl. Beveren,13,376,68,67,66,1.800.000,12
421,Yokohama F. M.,28,240,68,67,65,3.400.000,23
422,Cerezo Osaka,28,340,68,67,65,4.500.000,23
423,BK Häcken,29,540,68,67,65,750.000,24
424,NAC Breda,7,337,68,66,66,4.700.000,7
425,KFC Uerdingen,35,581,68,65,67,1.300.000,4
426,Al Taawoun,15,463,67,70,63,2.100.000,14
427,VVV-Venlo,7,374,67,69,66,2.900.000,7
428,SK Brann,30,478,67,68,69,1.200.000,25
429,Rotherham Utd,19,219,67,68,67,2.300.000,3
430,Ettifaq FC,15,451,67,68,65,2.000.000,14
431,AS Nancy,25,209,67,67,67,3.700.000,5
432,Nagoya Grampus,28,466,67,67,66,4.100.000,23
433,Jeju United,32,481,67,67,66,1.800.000,27
434,FC Sochaux,25,431,67,67,66,4.100.000,5
435,Pogoń Szczecin,31,353,67,67,63,2.100.000,26
436,SK Sturm Graz,16,324,67,66,70,5.000.000,15
437,San Martín,9,300,67,66,67,1.500.000,9
438,Barnsley,33,163,67,66,67,1.200.000,3
439,Charlton Athl.,33,313,67,66,67,2.100.000,3
440,Odense BK,27,368,67,65,67,900.000,22
441,Grasshopper,20,129,66,69,61,4.500.000,17
442,Carpi,26,82,66,68,67,4.700.000,2
443,Excelsior,7,79,66,68,67,2.600.000,7
444,Livorno,26,390,66,68,67,4.100.000,2
445,Córdoba CF,18,214,66,68,66,2.200.000,1
446,At. Bucaramanga,22,477,65,69,64,1.200.000,19
447,SM Tucumán,9,266,65,68,65,500.000,9
448,CD Palestino,23,585,65,68,65,2.400.000,20
449,FC Zürich,20,441,65,68,65,3.000.000,17
450,FC Seoul,32,339,65,66,65,4.600.000,27
451,Al Qadisiyah,15,430,64,67,66,2.000.000,14
452,CD O'Higgins,23,513,63,66,67,3.900.000,20
453,América de Cali,22,327,71,66,66,2.200.000,19
454,Aalborg BK,27,472,70,65,66,900.000,22
455,Shimizu S-Pulse,28,466,70,65,65,2.700.000,23
456,FC Lugano,20,396,70,65,65,1.500.000,17
457,Cham. Niortais,25,118,70,65,65,2.900.000,5
458,Grenoble Foot,25,27,69,66,67,2.900.000,5
459,Melbourne City,34,412,69,65,66,2.000.000,28
460,Ś. Wrocław,31,280,69,65,63,2.200.000,26
461,Shanghái Shenhua,24,279,68,68,63,27.000.000,21
462,Al Faisaly,15,557,68,67,65,2.300.000,14
463,Al Raed,15,426,68,67,63,1.800.000,14
464,Al Fayha,15,532,68,65,65,2.100.000,14
465,Unión Española,23,585,68,65,65,2.600.000,20
466,Júbilo Iwata,28,350,68,65,63,3.000.000,23
467,Motherwell,17,627,67,67,65,900.000,16
468,Portsmouth,33,76,67,66,66,1.200.000,3
469,De Graafschap,7,165,67,66,65,3.500.000,7
470,SV Wehen,35,90,67,65,67,675.000,4
471,H.C. Sapporo,28,582,67,65,65,2.900.000,23
472,Aarhus GF,27,368,67,65,65,650.000,22
473,FC Luzern,20,129,67,65,64,3.300.000,17
474,Deportivo Pasto,22,398,66,67,65,2.000.000,19
475,Piast Gliwice,31,493,66,66,68,2.500.000,26
476,FC Nordsjælland,27,225,66,66,67,950.000,22
477,Al. Petrolera,22,446,66,66,66,1.300.000,19
478,Vålerenga Fotball,30,609,66,66,66,1.300.000,25
479,Karlsruher SC,35,75,66,65,68,800.000,4
480,Djurgårdens IF,29,285,66,65,68,1.700.000,24
481,Jeonnam Dragons,32,298,65,68,65,3.300.000,27
482,FC Emmen,7,318,65,66,66,2.700.000,7
483,Gangwon FC,32,489,65,65,63,2.600.000,27
484,GFC Ajaccio,25,407,64,67,66,2.200.000,5
485,Östersunds FK,29,520,64,67,65,900.000,24
486,VfL Osnabrück,35,587,64,66,66,525.000,4
487,Oxford Utd,33,610,64,66,63,1.000.000,3
488,Scunthorpe Utd,33,497,63,67,65,900.000,3
489,Pohang Steelers,32,352,63,67,65,3.300.000,27
490,Brisbane Roar,34,411,55,67,63,2.000.000,28
491,Tianjin TEDA,24,279,73,61,63,17.000.000,21
492,Wanderers,34,411,69,65,63,2.000.000,28
493,Górnik Zabrze,31,280,69,65,63,2.100.000,26
494,Well. Phoenix,34,405,69,64,65,2.000.000,28
495,Kashiwa Reysol,28,350,69,64,62,5.000.000,23
496,Strømsgodset IF,30,255,68,65,66,1.100.000,25
497,Doncaster Rovers,33,429,67,66,64,750.000,3
498,Vejle Boldklub,27,256,67,66,63,650.000,22
499,SV Meppen,35,486,67,65,64,525.000,4
500,LB Châteauroux,25,534,67,65,64,2.300.000,5
501,Innsbruck,16,108,67,65,63,1.000.000,15
502,Wisła Płock,31,280,67,65,62,2.300.000,26
503,Ohod Club,15,557,67,64,64,1.600.000,14
504,Unterhaching,35,542,67,64,64,575.000,4
505,Tianjin Quanjian,24,491,67,63,63,24.000.000,21
506,Curicó Unido,23,452,67,63,63,1.800.000,20
507,Daegu FC,32,489,67,63,60,1.600.000,27
508,Gyeongnam FC,32,481,67,62,63,2.900.000,27
509,Peterborough,33,518,66,66,65,1.100.000,3
510,Cracovia,31,547,66,66,64,4.200.000,26
511,IF Elfsborg,29,540,66,66,64,1.200.000,24
512,Wolfsberger AC,16,436,66,65,65,625.000,15
513,CD Huachipato,23,370,66,65,65,3.500.000,20
514,Kaiserslautern,35,90,66,65,65,750.000,4
515,Depor. Iquique,23,419,66,65,64,1.600.000,20
516,Braunschweig,35,111,66,65,64,900.000,4
517,Miedź Legnica,31,527,66,65,63,1.400.000,26
518,MK Dons,36,509,66,64,64,1.300.000,3
519,St. Johnstone,17,563,65,66,65,950.000,16
520,GIF Sundsvall,29,485,65,66,63,650.000,24
521,FC St. Gallen,20,441,65,66,62,3.700.000,17
522,Mansfield Town,36,608,65,65,65,750.000,3
523,Shrewsbury Town,33,588,65,65,65,600.000,3
524,Jaguares,22,146,65,65,64,1.400.000,19
525,Red Star FC,25,369,65,65,64,2.900.000,5
526,Arka Gdynia,31,358,65,65,64,2.600.000,26
527,Zagłębie Lubin,31,460,65,65,64,3.700.000,26
528,Odds BK,30,496,65,64,67,800.000,25
529,Hansa Rostock,35,375,65,64,66,650.000,4
530,Admira Wacker,16,533,65,64,65,2.800.000,15
531,SCR Altach,16,108,65,64,65,1.800.000,15
532,Al Fateh,15,451,65,64,64,2.300.000,14
533,SV Mattersburg,16,530,65,64,64,2.200.000,15
534,US Orléans,25,500,64,66,65,2.600.000,5
535,Fleetwood Town,33,568,64,66,64,950.000,3
536,Bradford City,33,429,64,66,63,1.400.000,3
537,Lincoln City,36,623,64,65,66,800.000,3
538,Würzburg. Kickers,35,151,64,65,65,725.000,4
539,Plymouth Argyle,33,604,64,65,64,850.000,3
540,IFK Göteborg,29,285,64,65,64,950.000,24
541,Southend Utd,33,576,64,65,63,700.000,3
542,VfR Aalen,35,303,63,66,64,500.000,4
543,Al Hazem,15,463,63,66,63,1.000.000,14
544,Hallescher FC,35,392,63,65,65,550.000,4
545,Randers FC,27,472,63,65,65,700.000,22
546,Adelaide United,34,412,62,66,64,2.000.000,28
547,Wisła Kraków,31,510,62,65,66,2.800.000,26
548,AS Béziers,25,120,62,64,65,2.100.000,5
549,Sarpsborg 08 FF,30,611,60,65,65,900.000,25
550,Patriotas,22,402,57,63,64,1.600.000,19
551,Chongqing SWM,24,401,71,65,59,9.500.000,21
552,FC Thun,20,182,70,65,61,3.600.000,17
553,Henan Jianye,24,279,70,61,62,14.000.000,21
554,Dundalk,37,630,69,65,63,900.000,29
555,Burton Albion,33,204,68,64,65,800.000,3
556,Korona Kielce,31,547,68,64,63,1.600.000,26
557,Al Batin,15,462,68,63,64,1.300.000,14
558,Stabæk Fotball,30,478,67,63,63,500.000,25
559,Newcastle Jets,34,612,66,66,63,2.000.000,28
560,Gillingham,33,610,66,64,64,600.000,3
561,Beijing Renhe,24,279,66,64,62,3.000.000,21
562,Neuchâtel Xamax,20,396,66,64,62,1.700.000,17
563,Dundee FC,17,519,66,63,64,750.000,16
564,Incheon United,32,450,66,61,64,1.700.000,27
565,Guizhou Hengfeng,24,639,66,58,64,11.500.000,21
566,Örebro SK,29,415,65,65,62,800.000,24
567,Bury,36,590,65,64,63,1.100.000,3
568,Blackpool,33,244,65,64,63,650.000,3
569,Kristiansund,30,299,65,63,64,500.000,25
570,SønderjyskE,27,591,65,63,62,650.000,22
571,Kalmar FF,29,635,64,67,63,700.000,24
572,Bristol Rovers,33,235,64,65,63,1.000.000,3
573,Wycombe,33,576,64,64,65,700.000,3
574,Livingston,17,408,64,64,65,650.000,16
575,Sportfreunde Lotte,35,486,64,64,64,550.000,4
576,Colchester Utd,36,541,64,64,64,750.000,3
577,IK Sirius,29,285,64,64,63,650.000,24
578,SKN St. Pölten,16,530,64,63,65,2.700.000,15
579,Vendsyssel FF,27,597,64,63,65,500.000,22
580,1860 Munich,35,504,64,63,64,1.000.000,4
581,Fort. Colonia,35,68,64,63,63,500.000,4
582,Vegalta Sendai,28,471,64,62,62,3.300.000,23
583,Shonan Bellmare,28,421,64,61,64,2.600.000,23
584,Esbjerg fB,27,570,63,67,64,500.000,22
585,Audax Italiano,23,448,63,65,65,3.800.000,20
586,Coventry City,33,39,63,65,64,900.000,3
587,Preußen Münster,35,294,63,65,64,550.000,4
588,Walsall,33,523,63,65,63,600.000,3
589,FSV Zwickau,35,544,62,65,65,500.000,4
590,Rochdale,33,567,62,65,64,650.000,3
591,AC Horsens,27,472,62,65,64,825.000,22
592,Envigado,22,366,62,65,62,1.800.000,19
593,Deportes Temuco,23,513,60,64,63,1.500.000,20
594,Accrington,33,645,68,63,63,500.000,3
595,S. Großaspach,35,542,65,63,64,600.000,4
596,Carl Zeiss Jena,35,589,65,62,63,500.000,4
597,Hobro IK,27,545,64,65,63,550.000,22
598,Energie Cottbus,35,375,64,64,63,500.000,4
599,Forest Green,36,629,64,63,64,750.000,3
600,Z. Sosnowiec,31,475,64,63,62,550.000,26
601,TSV Hartberg,16,436,64,63,62,1.500.000,15
602,AFC Wimbledon,33,518,64,63,61,700.000,3
603,Northampton Town,36,509,64,62,64,750.000,3
604,Exeter City,36,539,64,62,63,600.000,3
605,Tranmere Rovers,36,567,64,62,61,600.000,3
606,Sandefjord,30,558,63,63,63,550.000,25
607,Atlético Huila,22,315,63,63,61,1.700.000,19
608,Notts County,36,157,63,63,61,1.000.000,3
609,Lillestrøm SK,30,478,62,64,64,1.200.000,25
610,Swindon Town,36,487,62,64,61,700.000,3
611,FK Haugesund,30,428,62,63,64,600.000,25
612,Central Coast,34,559,62,63,61,2.000.000,28
613,Oldham Athletic,36,590,62,63,60,650.000,3
614,HJK Helsinki,10,192,62,62,65,600.000,10
615,Tromsø IL,30,255,60,64,62,800.000,25
616,Sangju Sangmu,32,489,60,63,63,2.800.000,27
617,Carlisle Utd,36,244,57,62,64,700.000,3
618,Port Vale,36,161,64,62,60,800.000,3
619,Crawley Town,36,602,64,61,60,600.000,3
620,IK Start,30,528,63,62,62,850.000,25
621,St. Mirren,17,372,63,62,61,700.000,16
622,V-Varen Nagasaki,28,422,63,60,64,3.200.000,23
623,Grimsby Town,36,488,63,60,62,625.000,3
624,Boyacá Chicó,22,550,62,62,63,800.000,19
625,FK Bodø/Glimt,30,615,62,62,63,650.000,25
626,Newport County,36,134,62,62,62,625.000,3
627,Hamilton,17,467,62,61,62,500.000,16
628,Stevenage,36,417,62,61,61,600.000,3
629,Cheltenham Town,36,610,61,63,62,600.000,3
630,Shamrock Rovers,37,647,61,63,62,725.000,29
631,Ranheim Fotball,30,255,61,62,62,1.600.000,25
632,Cork City,37,650,65,62,61,850.000,29
633,CF Reus,18,380,62,61,61,1.500.000,1
634,Cambridge Utd,36,509,61,62,60,700.000,3
635,Trelleborgs FF,29,245,61,61,61,550.000,24
636,St. Pats,37,630,61,61,61,525.000,29
637,Yeovil Town,36,235,61,61,61,600.000,3
638,Macclesfield,36,590,61,61,60,550.000,3
639,Changchun Yatai,24,279,55,61,63,5.500.000,21
640,Leones,22,366,65,59,60,500.000,19
641,San Luis,23,409,63,63,57,1.600.000,20
642,Brommapojkarna,29,480,61,61,60,500.000,24
643,Crewe Alexandra,36,618,61,60,60,600.000,3
644,Dalkurd FF,29,577,60,59,59,700.000,24
645,Morecambe,36,594,58,60,58,500.000,3
646,Waterford FC,37,632,61,59,58,700.000,29
647,Bohemian FC,37,630,59,58,59,550.000,29
648,Derry City,37,649,52,57,57,625.000,29
649,Sligo Rovers,37,648,58,57,58,600.000,29
650,Limerick,37,632,57,55,55,525.000,29
651,Bray Wanderers,37,630,53,56,54,500.000,29
652,Agentes Libres,38,14,0,0,0,500.000,10
